video_id,title,views,likes,comments,collected_at,view_growth,like_growth,comment_growth,trend_score,full_text,embedding,recommend_score
7AagwMbUR1M,Beéle - Quédate (Letra),129743,186,3,2025-07-28 11:06:23.222178,0.0695161157365427,0.05084745762711873,0.0,0.05187916096734937,Beéle - Quédate (Letra),"[-8.28327611e-03  4.36148047e-02  5.12887165e-02  3.83406952e-02
 -1.33555800e-01  6.87084198e-02  7.47057647e-02 -2.88079735e-02
 -2.97181830e-02  1.58157088e-02  6.54264018e-02 -7.40107987e-03
  5.61981974e-03 -3.29202935e-02  1.29980324e-02  3.72873358e-02
  2.73327045e-02 -2.15305556e-02 -3.41133662e-02 -1.74448639e-02
  4.46115620e-02 -2.26148241e-03  3.20690982e-02  3.88869196e-02
 -2.76186205e-02  3.09644174e-02 -3.36715467e-02 -1.91274546e-02
 -2.81105842e-02 -7.69216418e-02 -1.68940108e-02  1.29453704e-01
  1.68603230e-02 -2.49232557e-02  5.41276881e-04 -7.19508827e-02
  5.25103733e-02 -6.07880056e-02  1.56617891e-02  1.42872846e-02
 -8.02688375e-02 -4.82532941e-02 -5.78099303e-02  3.91402654e-02
 -3.14506590e-02  8.29152297e-03 -1.56086301e-02  7.16871619e-02
  1.04684988e-02 -2.27667987e-02 -2.09484641e-02 -2.95705963e-02
 -2.30633412e-02 -6.92762211e-02  2.02850327e-02 -2.73003429e-02
  4.34608236e-02 -3.31463367e-02  8.40509757e-02  1.27875311e-02
 -4.26910818e-02  4.45309430e-02  1.94002539e-02  4.04521264e-02
  2.77393069e-02 -1.34999797e-01 -2.84224586e-03 -3.99469920e-02
 -6.71336427e-04 -5.38579859e-02  1.11511885e-03 -5.95393926e-02
 -6.10030815e-02 -2.07002908e-02 -1.82305686e-02  9.85937342e-02
  9.93851349e-02  1.95046104e-02 -1.12632066e-02 -6.91616461e-02
 -2.39852723e-02 -1.01730630e-01 -7.19318017e-02  2.81882323e-02
 -6.43951586e-03 -6.30622059e-02  8.37609172e-03  5.42151742e-02
  3.93884070e-02 -2.42367983e-02  4.68839426e-03 -2.08726153e-02
 -2.66180504e-02  6.81724539e-03 -7.41461366e-02 -2.96872612e-02
 -2.87143569e-02  1.65620223e-02  4.87917587e-02  8.67206454e-02
 -8.68343841e-03  1.62559953e-02 -8.45326111e-02  5.93445525e-02
 -6.02138154e-02 -4.61846665e-02  1.16965855e-02 -5.15608341e-02
  4.51327823e-02 -2.93739904e-02 -5.58577105e-02 -4.26733978e-02
 -6.04246836e-03  2.51404010e-02 -5.16690910e-02  1.47236753e-02
 -3.81579436e-02  2.54338724e-03  9.96637419e-02 -9.05133337e-02
  9.92178991e-02  4.89486530e-02 -7.81889483e-02  1.13752314e-04
 -3.53637673e-02  8.69907998e-03  2.99267173e-02 -2.02945849e-33
  4.55935672e-02 -1.41260521e-02  6.49828017e-02 -3.30850929e-02
  9.61906463e-02  3.16664688e-02 -9.61325541e-02  1.05694560e-02
  5.54144057e-03  5.20979345e-04 -2.16438547e-02 -8.89309421e-02
 -8.72421078e-03 -1.00005195e-01  2.07118671e-02  5.62340803e-02
 -2.85715424e-02 -3.33008915e-02  3.33679169e-02  7.61363804e-02
  1.49817737e-02 -3.49675380e-02 -3.78534086e-02 -4.66019905e-04
  6.56645894e-02  2.59629125e-03  5.36528118e-02 -7.20869144e-03
  5.60604036e-02  1.16721746e-02  8.90874863e-02 -1.14773639e-01
  3.97840999e-02 -5.26372790e-02  2.63419542e-02 -4.90877479e-02
 -3.45400185e-03  2.52391100e-02 -6.47820756e-02 -3.04344874e-02
  2.99958363e-02 -2.64542531e-02 -2.30155084e-02 -1.06354989e-02
  4.18927521e-02 -2.71160733e-02 -5.09185195e-02  8.35027173e-02
  6.49553984e-02 -8.73092376e-03 -7.46570453e-02  5.35896420e-03
  9.63792950e-03  4.45492705e-03  2.31325254e-02  5.14908917e-02
  8.83427262e-02  1.89681053e-02 -2.43993867e-02 -9.37202498e-02
  6.35347515e-02  1.16237281e-02  6.16239533e-02 -9.38919336e-02
  4.72285114e-02  3.09655145e-02 -3.73529345e-02  4.07149717e-02
  1.11960717e-01  2.02926416e-02 -4.83791865e-02 -5.46792231e-04
  4.97086048e-02  5.06949611e-03 -4.38984297e-02 -4.37876135e-02
  5.74879423e-02  3.93615365e-02  2.71369256e-02 -3.49028744e-02
  2.33672501e-04 -2.96586119e-02 -3.04570645e-02  9.82186347e-02
  7.97127113e-02  2.46829353e-02 -2.69271620e-02 -1.05621852e-02
  1.24720819e-02  3.59185077e-02 -3.35953161e-02 -1.08468411e-02
  9.32829105e-04 -5.92549294e-02 -7.41659431e-03  1.51010405e-33
  3.54127809e-02  4.72536869e-02 -1.50408523e-04  6.31839633e-02
  1.29833803e-01 -1.39178231e-01 -9.21585411e-03  1.18099935e-01
  6.86207488e-02 -3.96938361e-02 -3.87225114e-02 -4.17449586e-02
  1.26514986e-01 -5.83391450e-02  2.26499699e-02  9.18127671e-02
  5.42656556e-02 -5.71516007e-02 -5.98197915e-02  7.28878453e-02
 -1.73903272e-01  3.68592492e-03  2.61857733e-02 -5.31935319e-02
  5.56838624e-02 -1.33991921e-02  9.74139795e-02  3.16976681e-02
 -2.84771412e-03 -3.29549985e-05 -2.30241027e-02 -9.49348137e-02
 -2.33090706e-02 -3.02933231e-02 -2.50252094e-02  2.00356450e-02
  5.56663051e-02 -8.73732418e-02  2.56830100e-02  5.55303581e-02
 -1.02814995e-01  2.32605748e-02 -5.72224446e-02  1.31239323e-02
  1.74838807e-02  7.85803944e-02 -6.95043132e-02  2.01573074e-02
 -2.97581335e-03  6.98061138e-02  8.11784342e-02 -2.29609981e-02
 -1.89178772e-02  1.26697980e-02  8.60635489e-02 -5.30981794e-02
 -4.43111639e-03  6.32115966e-03  1.36759682e-02 -1.90278962e-02
  2.20794994e-02 -4.79311943e-02  3.67951319e-02 -5.47805466e-02
 -4.81646210e-02 -3.14232172e-03 -3.40386666e-02  3.69746983e-02
  2.21824851e-02 -3.46045047e-02  6.08345307e-02 -1.95600931e-02
 -8.63730758e-02  6.82361722e-02 -9.78948101e-02  7.77253732e-02
 -5.23090549e-02 -5.54189319e-03 -3.82927898e-03  1.94179621e-02
 -8.10849369e-02  4.19576876e-02 -8.01120475e-02  1.01322740e-01
  6.34540692e-02  7.00495318e-02 -2.03788448e-02  6.37321696e-02
 -2.90797558e-02 -1.60489362e-02 -5.61150257e-03  2.99331099e-02
  2.80608926e-02  5.43008521e-02 -1.58402398e-02 -1.54672239e-08
  2.66689993e-02 -6.75577968e-02 -4.69031036e-02  2.92726303e-03
  1.57625750e-01 -5.53539954e-02  1.81289371e-02 -7.62140825e-02
  5.56098297e-03 -1.34638036e-02  8.52565542e-02  4.03807126e-02
  1.85323860e-02 -3.99219850e-03  2.28355676e-02  2.77173016e-02
  1.14716971e-02  5.40925143e-03 -5.05204052e-02 -8.01398009e-02
  1.10984119e-02  2.86016110e-02 -8.92136618e-03 -6.44185618e-02
 -5.46290241e-02  1.65034886e-02  7.70361815e-03  9.75908421e-04
  4.81721684e-02 -7.59992227e-02  2.96655707e-02  5.83959743e-02
  7.22191259e-02 -9.33236405e-02 -6.64570406e-02 -3.14867385e-02
  9.47771966e-03  3.13505121e-02 -1.84105977e-03 -3.16577516e-02
  3.73021550e-02  2.84802038e-02  3.76393087e-02  3.52348946e-02
 -3.08583099e-02 -5.42529859e-02  3.84237543e-02  7.92179815e-03
 -7.34085068e-02  2.39737192e-03 -4.47454192e-02  6.71743825e-02
  3.67610902e-02 -1.40179079e-02  3.46106738e-02  8.19486752e-02
  1.21456860e-02  2.05618585e-03 -1.06531670e-02  2.81976964e-02
 -6.29347004e-03 -1.65057443e-02  2.07794365e-02 -1.78959481e-02]",0.21916556
5k48LhP07S4,Hear Voices,56025,2461,0,2025-07-28 11:06:23.222193,0.027020586240398936,0.016522098306484878,0.0,0.019516771405536336,Hear Voices,"[ 1.09924972e-02 -1.85501371e-02  3.02386261e-03 -4.06500660e-02
 -4.27625813e-02  4.68493141e-02  5.09055369e-02 -9.04507786e-02
  9.51307639e-02 -5.81936352e-02 -4.69823591e-02 -5.66487648e-02
 -1.02155609e-02 -2.95597203e-02  3.63030061e-02 -1.36976726e-02
  2.54838932e-02  1.15023203e-01 -4.47921939e-02 -5.75876459e-02
 -1.43128624e-02  6.00040704e-02 -5.79667278e-02  1.11018717e-02
  8.70636944e-03  1.00515917e-01 -6.36751205e-02  1.22872731e-02
  4.11396436e-02 -5.47365099e-02  7.44835287e-02  4.48523872e-02
  8.23014751e-02  1.99577194e-02 -1.65458657e-02  6.15323111e-02
  1.00644939e-02 -7.66407978e-03  2.63449159e-02 -7.46607333e-02
  5.96328266e-02 -2.63617141e-03  5.08647785e-02 -3.34898918e-03
 -1.96009185e-02 -8.27752575e-02 -1.00542150e-01 -6.08037366e-03
  1.47600407e-02  3.22436169e-03 -9.86944735e-02 -6.11932166e-02
  3.58965918e-02  3.74724418e-02 -5.94009571e-02  5.97761422e-02
  8.05465877e-02  2.18401458e-02 -8.61135498e-03  2.40831939e-03
 -3.37904394e-02 -3.98028344e-02 -4.44997773e-02 -2.03262437e-02
 -4.70019802e-02  4.57386076e-02 -2.05895528e-02  1.88850388e-02
 -2.06245575e-02  3.25770453e-02  2.38726698e-02  8.19180310e-02
  8.74182284e-02 -9.97332707e-02  5.54867201e-02  1.03174271e-02
  2.41677035e-02 -1.22934297e-01  7.88667649e-02  4.76693213e-02
 -2.10892074e-02 -5.65524660e-02  8.12124927e-03 -7.04579707e-03
 -1.04511564e-03  8.35938193e-03  5.69558120e-04 -3.53734940e-02
 -7.06342459e-02  6.75679296e-02 -1.10596113e-01 -1.72088724e-02
 -4.08433750e-02  3.51992399e-02  1.68378446e-02  3.48319858e-02
 -5.38947098e-02  5.26870228e-03  3.30298916e-02  1.89002037e-01
 -2.37970520e-03 -1.76604334e-02  3.65064256e-02 -3.02744117e-02
 -3.61822620e-02 -6.32311963e-03 -4.44635451e-02  4.01165523e-02
 -3.03080343e-02  1.20657384e-02 -4.85498235e-02  2.13661250e-02
 -1.90722812e-02  1.16458550e-01  5.27158193e-02 -2.25985725e-03
  8.93724430e-03 -4.00764570e-02 -3.71136926e-02  1.94373429e-02
  7.12703867e-03  1.13485463e-01 -3.66109237e-02  1.89874377e-02
  4.66735521e-03 -5.07424474e-02  1.29828574e-02 -3.32763459e-33
  4.02487516e-02  1.30478116e-02  7.42914826e-02  6.99415356e-02
  1.35197518e-02  9.67115816e-03 -2.04421170e-02 -5.58818430e-02
  1.63090869e-03 -8.57743341e-03 -4.48713377e-02  1.01105152e-02
 -8.31923038e-02  4.43994068e-03  2.06229649e-02 -7.84184709e-02
 -1.07955754e-01  1.25343680e-01 -2.40559373e-02 -6.17607348e-02
  6.53421953e-02  4.24967799e-03  5.11137918e-02  5.73044233e-02
  1.12489872e-01 -4.35858443e-02  3.36207226e-02 -1.09450810e-01
 -2.54977532e-02  2.40822020e-03 -6.52918741e-02  6.66762292e-02
  1.42233502e-02 -4.66213226e-02 -4.32110056e-02  4.87481169e-02
  6.71166480e-02  6.42646775e-02 -3.06207500e-03 -8.10942380e-04
 -2.59844754e-02 -2.18054764e-02 -8.07682574e-02 -5.76518662e-02
  5.34777865e-02  3.69330496e-02 -2.49012969e-02  2.97429673e-02
 -3.53449546e-02  5.05719297e-02 -4.99587581e-02  1.41011979e-02
 -7.81404078e-02  1.53103098e-03  4.12968807e-02 -3.88411470e-02
  1.55985067e-02 -2.51784120e-02  6.64291680e-02  2.73742396e-02
  7.93010220e-02  5.55127859e-02  6.28407001e-02 -6.03004619e-02
  3.59707214e-02 -2.28806250e-02  2.22383272e-02 -3.67420763e-02
  5.21542020e-02 -7.51118287e-02 -6.17079102e-02 -6.68639224e-03
  4.10009809e-02  1.31057864e-02 -6.79226816e-02  1.44498972e-02
 -5.85428029e-02 -6.13128766e-02 -2.14888656e-04  4.34263311e-02
  5.30685931e-02 -1.04455398e-02 -1.00564444e-02  9.93642733e-02
  1.29472360e-01 -1.30841620e-02 -2.41136756e-02 -1.05928600e-01
  2.84730049e-04 -5.06262586e-04 -4.60529067e-02 -1.46587752e-02
  2.52703764e-02 -5.85537292e-02 -6.45781085e-02  1.87078181e-33
 -1.21640265e-02  1.27190590e-01  4.77419309e-02  6.30071685e-02
 -3.90635505e-02  3.84144560e-02 -2.41125878e-02 -4.03821766e-02
 -2.01045610e-02  4.99874577e-02 -3.80078144e-02  1.61911547e-03
  4.45071682e-02  2.75185630e-02  5.59399277e-02 -1.07020490e-01
  1.15084335e-01  4.36712429e-02  4.81640548e-02  8.10653418e-02
 -6.09137118e-02  1.03139784e-02 -1.63814779e-02  4.81906906e-02
 -6.41913638e-02 -3.36843245e-02 -2.23920513e-02 -3.08891665e-02
  4.64151427e-03 -5.31675247e-03 -2.18097102e-02  6.30969321e-03
 -8.57792050e-02 -6.33850973e-03  1.59122534e-02  6.24349825e-02
 -5.30617777e-03  7.18887150e-02 -1.12154027e-02 -1.42910844e-02
  6.56972360e-03 -1.76276476e-03 -1.67654492e-02 -1.03552258e-02
 -2.47288868e-02 -3.53361256e-02  5.73465861e-02  9.63401701e-03
 -4.39932086e-02 -8.41056742e-03 -4.07116748e-02 -1.58182010e-02
  7.22985715e-02 -1.56475715e-02 -6.83172941e-02 -3.29299867e-02
  5.76909259e-02  1.46989655e-02  6.78367689e-02 -2.39025278e-04
 -1.52908685e-02  2.32608765e-02 -6.22197576e-02 -6.35440126e-02
  1.38303591e-02  1.34529211e-02 -2.22494584e-02 -5.36191501e-02
  4.73417118e-02  2.13273484e-02  1.74156148e-02  2.42605917e-02
 -6.54973984e-02 -3.82166984e-03  2.45361030e-03  2.94267535e-02
 -1.70708492e-01 -7.45325834e-02 -7.96206445e-02 -7.94294477e-02
  3.39413844e-02 -8.40450753e-04 -2.19316315e-03  4.62988541e-02
  1.46090928e-02  5.21041527e-02  5.40794618e-02 -7.29230568e-02
  1.92102436e-02 -1.43099045e-02 -8.09980631e-02  9.58750173e-02
  1.34518659e-02  4.47198508e-05  2.20848387e-03 -1.40314826e-08
 -5.18808626e-02 -3.42455097e-02  6.13195896e-02 -2.70008445e-02
 -1.19851483e-02 -4.78294566e-02  7.13888109e-02 -2.22138893e-02
  1.85455978e-02  4.30819355e-02 -6.67795714e-04 -6.78139925e-02
  5.42755798e-02  6.52479455e-02  7.90513605e-02 -3.55478302e-02
 -5.30145764e-02  7.94309974e-02 -2.22167745e-02 -9.18671787e-02
 -1.66624319e-02  5.14391158e-03  5.95744979e-03  3.05670663e-03
 -3.13344831e-03 -2.75292322e-02  4.92467720e-04  3.30677181e-02
 -2.28243880e-02  8.65751281e-02  1.21737001e-02  1.39635682e-01
 -6.03040718e-02 -2.92292815e-02 -7.30748177e-02 -8.58940482e-02
  3.51629779e-02  4.14797431e-03  1.50288437e-02 -3.04006245e-02
 -1.76748745e-02  5.39864525e-02 -4.88658212e-02 -5.38433529e-02
 -5.93156703e-02  6.67925552e-02  8.62035528e-02 -4.11210991e-02
 -6.21606270e-03  1.38881849e-02 -2.95563806e-02  2.44885944e-02
  1.08012892e-01  5.94140925e-02  3.19622084e-02  3.86027806e-02
  2.37843618e-02 -5.02379052e-03 -1.55855529e-02  6.05085678e-02
  1.66752357e-02 -1.54280560e-02 -1.09303091e-02 -4.61729849e-03]",0.11530277
ZMsD-t3lorE,I Stole The ADMIN ONLY Brainrot..,1264677,16480,2186,2025-07-28 11:06:23.222189,0.018937745936904893,0.014341109127838925,0.01297497683039861,0.016825864753790443,I Stole The ADMIN ONLY Brainrot..,"[-5.85045516e-02 -6.77755056e-03 -6.10855082e-03 -5.74463196e-02
  7.23887011e-02 -2.72012558e-02  6.29156157e-02 -1.30788097e-02
  4.55039404e-02  3.55097465e-02  9.71348733e-02  3.10174543e-02
  2.82693151e-02 -2.55180486e-02 -1.75709669e-02 -2.60690711e-02
 -6.05075322e-02 -1.14580560e-02 -2.91324630e-02 -1.90957338e-02
 -6.75909668e-02 -3.17019108e-03 -1.77464373e-02 -1.55023895e-02
 -9.55925137e-03  8.01541060e-02 -9.19385478e-02  4.47159000e-02
 -5.76158538e-02 -4.11963016e-02  1.92874279e-02 -3.40923145e-02
  2.62437686e-02  6.26813695e-02  1.72276087e-02 -1.40330463e-03
  5.18393237e-03 -1.85531620e-02  1.64453164e-02 -7.93115720e-02
 -2.69549079e-02 -7.17946887e-02 -1.05128279e-02  2.28925385e-02
  2.45082687e-04  3.54281031e-02  1.45702483e-02 -1.25217652e-02
  6.56138062e-02 -3.26027386e-02 -7.37193087e-03  2.27474347e-02
 -2.39684563e-02  9.93687660e-02 -8.24864116e-03  5.23553081e-02
  1.02145061e-01  5.63770458e-02  1.55500211e-02  6.53379411e-03
 -7.83973932e-02  8.62506926e-02  1.39442377e-03  1.96813624e-02
 -1.89415936e-03  2.23441180e-02 -5.40478341e-02 -7.89310411e-02
  4.38302606e-02  4.16861996e-02  2.12972593e-02 -4.37835511e-03
 -1.01115869e-03  2.49743816e-02  2.07051709e-02  7.14740232e-02
 -5.33850528e-02 -5.48017919e-02  3.91141437e-02 -3.37455831e-02
  5.09843305e-02 -4.84701758e-03 -2.25014873e-02  8.58151913e-02
  4.36222740e-02  2.76157670e-02 -4.63582575e-02  7.48679563e-02
  5.60675971e-02  1.99092161e-02  4.02156860e-02 -4.47499305e-02
  1.03670217e-01 -3.31435390e-02 -6.93671405e-02 -3.62757556e-02
 -1.38342958e-02  1.08371247e-02 -6.26411662e-02  3.17898951e-02
  1.01726260e-02  8.10666662e-03  2.21313182e-02 -5.75779639e-02
  1.60871968e-02 -9.61811747e-03  1.23202652e-01 -8.55093636e-03
  2.48851832e-02 -2.55244635e-02 -4.09447253e-02  5.25368117e-02
  5.14196381e-02  2.42543295e-02  4.99951057e-02  1.27279256e-02
 -7.18290657e-02  1.17357507e-01 -4.07291800e-02  1.95734594e-02
  2.49051917e-02  3.99535671e-02  5.36201037e-02  9.36744288e-02
  1.17572127e-02 -4.15513553e-02 -8.40133801e-02 -5.28752714e-33
  5.74228261e-03  6.83915466e-02 -2.23914310e-02 -1.90712754e-02
  7.37641379e-03  4.13196683e-02  2.88344231e-02 -5.60554862e-03
  2.22789366e-02  2.28033736e-02  2.15777345e-02  5.04837669e-02
 -6.35832269e-03  3.51986252e-02  8.18155147e-03  4.03848514e-02
 -3.82869272e-03 -1.27344427e-03  3.15954126e-02 -3.75198275e-02
 -1.01361489e-02  1.56111149e-02 -2.07556728e-02  1.12404197e-01
  3.59214060e-02  9.19233821e-03 -6.64542913e-02 -2.63486672e-02
  1.08656861e-01  5.86214587e-02 -9.38838795e-02 -5.96200228e-02
 -3.50820646e-02 -3.17883790e-02  1.94344390e-02  3.39570194e-02
  3.81472372e-02 -7.87836835e-02 -8.38435665e-02  3.58707234e-02
 -3.25732604e-02 -1.13565894e-02  3.70887630e-02  1.04165869e-02
 -2.93320026e-02  3.23737673e-02  3.17025818e-02  6.88446984e-02
  1.02834441e-01 -1.25690671e-02 -6.07427880e-02 -7.14937076e-02
  8.24896023e-02  3.19197476e-02 -6.17731437e-02  2.73485249e-03
  2.82783359e-02  3.10714617e-02  1.24539480e-01  4.70640883e-02
  1.00782756e-02  8.57422277e-02 -5.79854771e-02  3.16042006e-02
 -7.34653622e-02 -9.73965973e-02 -9.57903545e-03 -5.46805747e-02
  1.97140197e-03 -2.02156114e-03 -4.10466716e-02 -4.18002531e-02
 -4.59574834e-02  1.16071533e-02 -1.12610377e-01 -1.55189326e-02
 -4.83451188e-02 -5.04754018e-03 -5.51379845e-02 -8.77528414e-02
 -1.75243802e-02 -2.59422101e-02 -3.69912237e-02  3.27150263e-02
  7.24523216e-02  6.73091263e-02  3.87528688e-02 -4.47954275e-02
 -2.77536426e-04 -8.35779458e-02  4.06696610e-02 -3.84436473e-02
  5.86455092e-02 -5.73145878e-03 -1.04575671e-01  4.09836583e-33
 -5.67631572e-02 -1.10766642e-01 -5.08980453e-02 -9.77935735e-03
  3.98058966e-02 -7.39933690e-03 -6.27833679e-02  3.76535691e-02
 -2.43530534e-02 -5.57359494e-03  3.97372432e-02  5.92195652e-02
  4.15490940e-02  1.28953913e-02  8.90980810e-02 -1.14438673e-02
 -7.51451626e-02  1.64964870e-02 -3.60845774e-02 -3.62882353e-02
 -6.71616793e-02  6.05205335e-02  9.60879326e-02  8.19049031e-02
 -5.28271645e-02  6.89254105e-02  6.28091069e-03  1.00756995e-01
  1.59325879e-02  4.64946367e-02 -1.42798889e-02  7.66664464e-03
 -1.40507281e-01  2.83825248e-02  1.90045070e-02  1.09528918e-02
 -6.37696460e-02 -4.46661189e-02 -7.83864334e-02 -6.11779047e-03
 -1.74328797e-02  1.21656293e-02  4.90186140e-02 -1.65968505e-03
 -8.16538185e-02 -1.34963337e-02  4.22992669e-02 -1.19850496e-02
 -1.34069640e-02  1.23039410e-01 -4.62296680e-02 -4.18958329e-02
  4.22758162e-02 -1.07698672e-01 -7.91120547e-05  4.46335301e-02
  3.52508761e-02  1.89758167e-02  7.29234070e-02 -5.75176030e-02
 -2.66458243e-02  3.52084376e-02 -1.09182253e-01  6.67168722e-02
  1.51963867e-02  1.39880972e-02  7.11702779e-02  5.93074895e-02
 -1.00057662e-01  1.57254022e-02 -7.91247562e-03  6.67971745e-02
  2.04403186e-03 -5.63132577e-02  6.95828125e-02  1.53315347e-02
 -7.84556121e-02  5.24340421e-02 -6.40910398e-03 -8.86178240e-02
  7.68508762e-03 -4.78489436e-02  3.03935613e-02 -3.92740630e-02
 -3.61360833e-02 -9.48608667e-03  2.64783055e-02 -2.77090706e-02
 -2.37460770e-02 -1.07297547e-01 -4.67967205e-02 -5.11805750e-02
  6.26876950e-02  6.62176758e-02  7.67581165e-02 -1.61821418e-08
 -3.84177528e-02  8.24553445e-02  8.02061111e-02  9.23047513e-02
  1.65660009e-01 -5.45754954e-02 -1.94519777e-02  5.61186075e-02
 -1.68442000e-02  2.61970926e-02  3.16026770e-02 -7.79345334e-02
 -1.11995190e-02  1.41372820e-02  1.66753493e-03 -4.48355414e-02
  6.19319500e-03  1.94625854e-02 -3.55465189e-02 -1.15270436e-01
  2.53346637e-02  1.51899215e-02  6.13801740e-03 -4.26588133e-02
 -3.62948477e-02 -1.16965100e-02  3.53034474e-02 -1.73697323e-02
 -2.26342548e-02  8.39677900e-02 -1.11313246e-01 -2.80302837e-02
 -3.83559093e-02  7.26343645e-03 -2.46650316e-02  2.25361064e-02
 -7.48449042e-02 -7.02161435e-03 -1.71745773e-02 -2.31810659e-03
 -1.84229966e-02  1.21030379e-02  4.31579798e-02 -8.96232389e-03
 -7.50140622e-02  2.62279753e-02  1.92795768e-02 -4.21243832e-02
  8.72401297e-02 -6.74436912e-02 -5.07313805e-03  4.62600552e-02
  2.43148822e-02  9.94922370e-02  5.00718430e-02 -4.51185666e-02
  3.23086581e-03  3.21518295e-02 -2.27729101e-02  2.48034019e-02
  5.70997670e-02  2.72989646e-02 -6.40601516e-02 -7.19927177e-02]",0.06429921
HtorEDAgjPM,IT: Welcome to Derry | Official Teaser 2 | HBO Max,948602,30723,1634,2025-07-28 11:06:23.222167,0.01224163136384493,0.008203983854559782,0.0036855036855036882,0.009722876326319652,IT: Welcome to Derry | Official Teaser 2 | HBO Max,"[ 2.56666504e-02  2.78020557e-02 -3.50010395e-02 -4.23865803e-02
  3.03032789e-02  2.54521631e-02 -1.17472773e-02 -7.40043148e-02
 -3.57374316e-03  1.06291920e-02 -7.28252307e-02 -4.82407659e-02
 -3.08687557e-02  1.80586036e-02 -9.51455459e-02 -7.54901469e-02
  1.06436022e-01 -1.18122444e-01 -1.16761103e-02 -4.94922400e-02
  2.79520284e-02  2.31027529e-02  6.78637996e-02 -3.85658629e-03
  2.55838726e-02 -1.46090351e-02  1.98160075e-02  5.22821248e-02
 -2.03477535e-02 -5.65985814e-02  4.25000302e-02  4.55624238e-02
 -2.70262063e-02  2.66867206e-02  2.87221186e-02  4.00491385e-03
  4.66588363e-02 -1.23068821e-02  3.94858122e-02  1.51856244e-02
 -1.38387848e-02 -7.37503022e-02 -5.62454723e-02  2.33432651e-02
 -1.84816809e-03  3.89270075e-02 -2.40338892e-02 -5.64162917e-02
  6.97447658e-02 -4.91961166e-02  2.57404298e-02  1.39220105e-02
 -1.12315454e-02 -3.42734121e-02  1.23419449e-01  2.05304064e-02
 -4.37200144e-02 -2.37694737e-02  2.53631156e-02 -1.08641677e-01
  2.49694809e-02  7.77951954e-03  9.57867503e-03  7.42954537e-02
  4.12203483e-02 -6.08510002e-02  3.38919498e-02  2.16899067e-02
 -3.91681455e-02 -1.71491299e-02 -9.85045210e-02  1.47723807e-02
  5.51602468e-02 -9.56754610e-02  9.05621648e-02 -1.62211116e-02
 -3.88243273e-02 -5.31038232e-02  2.97107198e-03 -7.80003518e-02
 -4.22807895e-02 -6.79368600e-02  5.50344735e-02  3.60951051e-02
 -1.95945264e-03  2.63887774e-02 -1.46425236e-02 -8.02832656e-03
 -2.34190952e-02 -2.11301004e-03 -4.19276357e-02  6.56304136e-02
 -1.08743161e-02  1.26063541e-01 -1.97088271e-02  2.20045783e-02
 -2.34790836e-02  1.90741266e-03  2.29868591e-02  5.98435588e-02
 -5.05705699e-02 -9.90159810e-03  3.05739418e-02 -3.70238312e-02
  1.77813303e-02 -9.44516286e-02  7.09476322e-02 -4.74013798e-02
  4.19214219e-02 -4.33593094e-02 -1.33830840e-02 -9.78117902e-03
  5.92351258e-02  1.16562238e-02  1.15077414e-01  2.38732994e-02
 -1.06794592e-02  1.76824927e-02  4.63312268e-02  3.84349748e-02
  1.04828194e-01  4.47299145e-02 -6.10416345e-02  5.28287403e-02
 -7.23008811e-02  6.88154399e-02  6.97746575e-02 -5.00223944e-33
  3.13752368e-02  1.08398180e-02 -3.45465839e-02  8.54781270e-03
  9.91845056e-02 -4.43004305e-03 -1.34146679e-02  2.99897883e-02
 -1.79791972e-02  3.34435403e-02 -1.65273491e-02 -2.09221654e-02
 -7.53345415e-02 -4.34972066e-03 -9.01869237e-02 -5.44603765e-02
 -3.50579321e-02 -2.53161578e-03 -9.27247331e-02 -2.30904929e-02
 -2.75837183e-02  4.36198078e-02 -1.35634383e-02 -2.85268500e-02
  1.79675501e-02 -5.16560487e-02 -3.18685211e-02 -1.37114115e-02
  8.29560608e-02  2.70373952e-02 -1.82184633e-02 -3.45694497e-02
  3.52551788e-02 -1.09400511e-01 -4.89818677e-02 -2.54045781e-02
 -2.32707933e-02  2.97846980e-02 -2.02274751e-02  7.29689747e-02
 -1.54411048e-02 -2.17110943e-02 -3.16373482e-02 -7.33190216e-03
 -5.86190931e-02  8.53643939e-02  2.88848989e-02  2.53811050e-02
 -3.21369693e-02 -5.46542183e-02 -6.96923258e-03 -3.59649099e-02
 -7.12969154e-02  1.37745985e-03 -1.32550886e-02  3.35621461e-02
 -5.88428453e-02 -5.67964837e-02  8.05195719e-02  3.16883661e-02
  2.20925119e-02  1.83394123e-02  4.34050672e-02  4.02773805e-02
  4.28513698e-02 -1.03648687e-02  7.97622092e-03  6.51681200e-02
 -2.71513313e-02  2.79061552e-02 -6.35880008e-02  2.14721486e-02
  1.78225394e-02 -1.83500126e-02 -5.68253314e-03  2.88268384e-02
  1.09539079e-02 -2.42927149e-02  3.16776522e-02 -3.95773053e-02
 -2.07583588e-02  8.83660931e-03  2.13583540e-02 -4.47744355e-02
  6.57642959e-03 -7.73522109e-02  2.61902828e-02 -1.11339629e-01
 -4.87572700e-02  7.80352056e-02 -5.31679019e-02 -4.59037423e-02
 -1.41288629e-02 -4.33450714e-02  5.52330613e-02  1.34922893e-33
  1.36405289e-01 -1.26850381e-02 -9.47864428e-02 -9.95268002e-02
 -1.44465448e-04  1.00322049e-02  1.69843715e-02  4.15085368e-02
  8.72195661e-02 -1.52433021e-02  2.04059924e-03  2.18793657e-02
  8.40858296e-02  4.79827337e-02 -4.90478873e-02 -1.05794474e-01
  4.06661779e-02  2.39253719e-03  8.39429572e-02  6.54188395e-02
  3.46525908e-02 -3.86337563e-02 -1.33487567e-01 -1.87034216e-02
  9.56018865e-02  2.44925488e-02  4.33733277e-02  1.33617178e-01
 -6.53405115e-02 -3.74977067e-02  1.25406124e-02 -9.41529721e-02
 -1.38138216e-02  7.51169175e-02 -8.14737305e-02  1.25483930e-01
  1.28661871e-01 -6.70743287e-02 -2.59417985e-02  2.67594438e-02
  7.56608471e-02 -8.58510137e-02 -7.61852786e-02  3.18475999e-02
  3.56623158e-02  6.89643547e-02  2.10843682e-02  2.06530690e-02
 -1.61745697e-02 -7.35267475e-02 -6.05449406e-03  1.24024758e-02
 -1.23450896e-02 -2.84498259e-02  3.36027034e-02 -2.47157156e-03
 -6.36347681e-02  2.06718221e-02  8.98514390e-02 -1.12994201e-01
 -7.79296234e-02  3.55457142e-02 -9.00982767e-02 -3.26584168e-02
 -9.16637131e-04 -1.42296255e-02  5.11047104e-03 -4.84750383e-02
  6.72930628e-02  2.25312263e-03 -5.01125641e-02 -4.94377986e-02
 -8.06854516e-02 -6.98153526e-02 -3.06878500e-02  6.24871552e-02
  1.44173075e-02  9.20967478e-03  2.08570133e-03  4.33855038e-03
 -1.07216090e-02 -1.25972824e-02  4.34139371e-03  2.19439287e-02
  9.77526903e-02  2.14509796e-02  1.06526747e-01  7.93030858e-02
  4.49150652e-02 -2.32053958e-02  1.83416493e-02 -4.53887209e-02
 -3.26327756e-02 -3.13687772e-02 -1.41646098e-02 -2.01744434e-08
 -4.04474512e-03  1.53276930e-02 -8.15406218e-02 -5.24215102e-02
  6.70678169e-02 -1.79254506e-02  5.84429167e-02  2.27595237e-03
 -7.30342343e-02  4.02347296e-02 -3.60603444e-02 -5.98165812e-03
  7.01908544e-02 -6.21478967e-02  8.55408423e-03  8.27569664e-02
 -3.55765894e-02 -1.02141932e-01 -2.97018737e-02 -8.32484886e-02
 -4.69744317e-02  1.53800574e-04 -1.37206698e-02 -1.57860592e-02
  2.68166829e-02  5.50940260e-02  1.82481706e-02 -9.31386724e-02
 -1.05015263e-02 -6.65342389e-03  2.96820141e-02  2.08506584e-02
 -1.13401059e-02  4.00552787e-02 -3.23044807e-02 -3.75952981e-02
 -2.56969109e-02  8.17774162e-02  9.08313766e-02 -4.01450507e-02
 -6.09839289e-03 -7.57906884e-02  2.62846053e-02 -5.81239797e-02
 -5.21337055e-02  3.80191840e-02  2.97483653e-02 -1.48003019e-05
  3.04838214e-02 -8.84249508e-02  8.08777735e-02 -3.10788099e-02
  4.83188666e-02  8.66603181e-02  5.01029193e-02  1.34594636e-02
 -4.44786586e-02  5.72445206e-02 -8.47251713e-03  2.19541639e-02
  6.70334846e-02  4.13673595e-02  8.24744627e-03  2.27347319e-03]",0.18102995
FEoicOB7Y9Q,Skrilla - Die 4 Me (Official Music Video),221642,21645,1424,2025-07-28 11:06:23.222147,0.007555232293844805,0.0057150822414273605,0.004940014114326097,0.006664158647457574,Skrilla - Die 4 Me (Official Music Video),"[-1.54646607e-02  1.90768000e-02  1.38227697e-02 -8.18415061e-02
  7.33167678e-02  1.15047218e-02  6.86803833e-02 -7.46045262e-03
  4.77013513e-02 -1.18531818e-02 -1.64221867e-03 -1.29749894e-01
 -6.39390349e-02  2.51812674e-02 -2.52244193e-02  3.52013931e-02
  7.52471271e-04  6.14066944e-02 -8.81750975e-03  3.46013159e-02
  1.86281987e-02 -7.77330622e-03 -5.96846938e-02  6.43957183e-02
  1.97883230e-03  1.67042539e-02  4.30672290e-03 -2.79725157e-02
  6.98652584e-04 -3.26326899e-02  5.26983701e-02  1.86858196e-02
  1.88903008e-02 -7.50285089e-02  1.29126487e-02 -4.89774682e-02
  4.32747509e-03 -6.62589297e-02 -4.49570874e-03  8.62100199e-02
 -2.22919956e-02  3.52119729e-02  6.33764863e-02 -5.01178280e-02
 -3.25638056e-02  7.97753409e-02 -3.16870138e-02 -1.22637555e-01
  3.29588316e-02  2.87910625e-02 -1.02145530e-01 -2.63380688e-02
 -1.11106122e-02  3.89457308e-03  6.23183977e-03  3.85696348e-03
  6.00809697e-03 -4.25408110e-02  8.98320451e-02  7.04154745e-02
  7.48313442e-02 -7.26698488e-02  1.58809721e-02 -1.18691195e-02
  6.75919801e-02  1.25247054e-04  7.87705630e-02 -7.90357366e-02
 -3.20762657e-02  1.37575725e-02  3.76216881e-02 -5.47978505e-02
 -5.57772443e-02  3.79518829e-02 -3.41467350e-03 -5.21208644e-02
  7.09764194e-03 -3.96836959e-02 -2.72990912e-02 -2.16814298e-02
  9.59784761e-02 -3.69242504e-02 -1.73707511e-02 -1.36153296e-01
  1.45125333e-02  3.85266207e-02  3.53725515e-02 -4.93407696e-02
  9.31971334e-03  9.46947094e-03 -1.01184160e-01  9.77569073e-02
 -5.98858073e-02 -5.57224974e-02 -2.66016033e-02 -3.23311388e-02
 -4.18211659e-03 -9.97408852e-02  3.09319403e-02  7.71425143e-02
  4.07633893e-02 -1.56473480e-02 -1.98265538e-02 -2.91136298e-02
  8.16955641e-02 -2.26679202e-02  7.20856115e-02  6.18939810e-02
 -3.78036173e-03  1.24609128e-01  1.26370497e-03 -4.45915535e-02
 -8.20187703e-02 -5.33467904e-03 -1.31176421e-02  4.74190451e-02
 -3.08905225e-02  1.12643754e-02 -6.79670647e-02  4.67313342e-02
  4.91078198e-02 -7.54401907e-02 -1.43799167e-02 -4.73655686e-02
 -1.30170363e-03 -1.35249095e-02 -1.56484526e-02 -2.61451745e-33
  5.17788492e-02 -4.69812825e-02  4.94746491e-02  3.78033146e-02
  6.72258660e-02 -9.71016884e-02 -7.98827186e-02 -8.36793857e-04
 -3.66841927e-02  5.81957363e-02 -2.56998725e-02 -8.22970420e-02
 -1.02753118e-01  2.27905624e-02 -6.86388761e-02 -2.72938944e-02
 -3.52159068e-02 -5.68988733e-02  6.65105432e-02  7.45356157e-02
 -9.74483031e-04  8.23082104e-02  2.32477114e-02 -4.08521369e-02
 -7.19203730e-04 -2.90254280e-02  2.74890028e-02 -6.51086345e-02
  8.72150734e-02  5.45096165e-03 -2.07633842e-02  8.89065210e-03
  1.68498289e-02 -1.20534725e-01  3.15644257e-02 -1.27721522e-02
 -7.33717307e-02 -9.80047625e-04 -1.29998565e-01  5.71089350e-02
 -1.76743772e-02  4.61315624e-02 -1.72996949e-02 -2.18381006e-02
 -1.37994811e-02  3.66992690e-02  1.54879717e-02  8.26840475e-02
  9.88649502e-02 -9.08258837e-03  3.29432334e-03 -1.11195259e-02
 -1.00314077e-02  6.95461929e-02  7.32947327e-03  2.89705135e-02
  1.45110358e-02 -4.16326849e-03  5.57192378e-02 -8.74917780e-04
 -1.12414965e-03  1.91189479e-02  4.57035452e-02 -1.96961723e-02
  4.10763174e-02 -5.48271462e-02  9.09586903e-04 -5.86492196e-02
  6.60634041e-02 -4.46029231e-02  1.93161666e-02 -5.93934357e-02
  3.00860200e-02 -3.22740078e-02  3.89478751e-03 -5.89399114e-02
 -3.01884804e-02  4.29405970e-03 -9.97254923e-02  2.34653931e-02
  9.94457118e-03  1.22571206e-02  1.00007541e-01  2.44525708e-02
  1.17023848e-01  2.07387786e-02  6.07881956e-02 -1.11343525e-02
  5.29037742e-03 -9.10413936e-02 -6.68942034e-02 -1.42228622e-02
  2.16462687e-02 -1.56346988e-02 -1.86532438e-02  2.38833912e-33
  5.16396463e-02  5.08102439e-02  8.04380476e-02  4.74626496e-02
  6.65342137e-02  6.21389821e-02  4.72886041e-02  1.28830954e-01
  5.59134930e-02  4.53950949e-02  3.80534157e-02 -4.20569927e-02
 -3.50899785e-03  1.32239740e-02  4.37129699e-02  8.88718851e-03
 -1.61731988e-02 -7.14631230e-02  1.76804680e-02 -3.68639342e-02
 -5.75210638e-02 -7.49560520e-02  2.08321586e-02  3.92221101e-02
 -4.49406635e-03 -2.16475222e-03  7.47436658e-02  8.71971473e-02
  1.34910708e-02 -2.88885776e-02  6.71931878e-02 -3.16186063e-02
 -6.25541434e-02  1.22309942e-02 -3.14884707e-02 -1.81131121e-02
  2.08433587e-02  7.00904354e-02 -2.41759755e-02 -2.27112770e-02
 -7.28184730e-02  1.09018400e-01  8.29967763e-03  1.10450797e-01
  7.78971985e-03 -7.21500516e-02 -1.49876447e-02  1.14037372e-01
 -1.47517947e-02 -2.88576577e-02 -4.61947583e-02 -3.53071690e-02
 -5.99291828e-03 -8.61210003e-02 -5.63271064e-03 -3.89925726e-02
 -6.03928370e-03 -1.80199032e-03  2.10480280e-02  2.15294100e-02
  1.03114769e-02 -1.95337888e-02  2.76206620e-03 -1.65237859e-02
 -6.06998336e-03  9.85411853e-02  2.82173865e-02 -1.40066696e-02
 -5.19032888e-02  5.33111431e-02 -3.05607505e-02  1.87711772e-02
 -1.45450711e-01 -1.19877169e-02  2.46140007e-02 -3.61945224e-03
 -6.90407678e-02  3.55470330e-02  2.78444830e-02 -1.56954173e-02
 -2.06994079e-02 -1.18472345e-01 -2.94059329e-02  5.00988215e-02
  3.15261111e-02  2.42249556e-02  1.09956279e-01  5.81905916e-02
  3.31152081e-02  3.28619443e-02  3.03387921e-02  7.31683820e-02
  1.11867522e-03  1.37247518e-02 -5.81945702e-02 -1.76337789e-08
  4.89944927e-02  3.94496694e-02 -6.30710572e-02 -5.55634312e-03
 -3.03081963e-02  2.26149075e-02 -2.16979571e-02 -1.18602544e-01
  4.40395735e-02 -2.17361264e-02 -2.70146411e-02 -1.65233831e-03
 -4.84968805e-05 -1.33108562e-02 -2.76942048e-02  8.57814103e-02
 -8.35832581e-02  4.63420190e-02 -6.02224171e-02  2.56701466e-03
  2.37883870e-02 -3.65023650e-02  5.34985587e-02 -1.21642590e-01
  1.81879848e-02  5.73722981e-02  3.42316888e-02  1.24970086e-01
 -2.47602314e-02 -5.06413318e-02  2.93363642e-04  1.22881802e-02
 -2.72301361e-02 -5.45323007e-02  1.24277258e-02 -2.04802547e-02
 -3.81265283e-02  3.96929495e-02 -2.42369883e-02  3.91777186e-03
  2.11774185e-02  2.54453234e-02  5.11222444e-02 -1.31097306e-02
 -8.99570659e-02  5.90856820e-02 -1.60002559e-02 -5.70188463e-02
  2.49134079e-02  4.75607142e-02 -6.70945495e-02 -4.41886224e-02
 -2.92790476e-02  1.08325616e-01  6.29717037e-02  8.06566700e-02
  4.37841378e-02  7.08602890e-02 -1.50948185e-02  2.81134900e-03
  6.25145733e-02  7.04644900e-03  1.24154938e-02  1.32892653e-02]",0.1391482
TKdhqYUXcHU,Kodak Black - Get Me Some Money [Official Music Video],352237,24535,2030,2025-07-28 11:06:23.222225,0.005661605577666595,0.0038459964813224445,0.0014800197335964604,0.004462166589583738,Kodak Black - Get Me Some Money [Official Music Video],"[-1.38262674e-01  8.62923563e-02 -4.14793380e-02 -3.46823595e-03
  5.29723093e-02  2.27951296e-02  1.78336069e-01 -2.56785098e-02
  4.52180654e-02 -9.08642188e-02 -1.46102412e-02 -5.82322516e-02
 -1.00283958e-02 -1.76355951e-02 -4.25490364e-02  2.78793480e-02
  7.55509958e-02  6.30944818e-02  8.45673552e-04  3.73317264e-02
 -7.01555684e-02 -4.47945930e-02 -1.41379389e-03  2.28621196e-02
 -1.32742580e-02  6.88403472e-02 -2.32517626e-02  1.32591426e-02
 -8.64497386e-03  3.40921665e-03  1.61869323e-03  2.09190659e-02
 -1.17526064e-02 -4.05834615e-02  8.76616985e-02 -7.53363892e-02
 -2.42873188e-02  4.86977585e-02 -4.39672284e-02  5.08357957e-02
 -1.77839212e-02 -1.21563282e-02  4.12435532e-02 -1.54924793e-02
 -3.31626497e-02 -5.63582173e-03  4.78666499e-02  1.58019550e-02
 -2.56025400e-02  3.46419699e-02 -3.83285508e-02 -8.00506026e-03
 -2.71623791e-03 -1.42116835e-02  9.14763659e-04 -2.55528130e-02
  8.58017504e-02  5.86618390e-03  8.00564811e-02  2.26110257e-02
 -3.06297075e-02 -1.21476009e-01 -2.10965029e-03 -1.31479977e-03
  8.81885141e-02  7.82729499e-03  1.68459993e-02  8.04829784e-03
 -8.58818069e-02 -1.16484966e-02  1.99517999e-02  4.46067341e-02
 -6.31873161e-02 -5.08838780e-02 -5.62562933e-03 -1.64593640e-03
 -2.04365626e-02  1.60759129e-02 -1.03453835e-02 -3.31892073e-02
  9.45663154e-02 -8.59560892e-02 -5.74673265e-02 -8.43593478e-02
  6.03127852e-02  5.06181195e-02  1.14190336e-02  2.31128335e-02
  3.50730158e-02 -2.35128254e-02 -9.79678184e-02  1.16853647e-01
 -9.28964019e-02 -5.76531887e-02 -9.52368975e-03 -7.69078061e-02
 -3.82209271e-02 -1.16116881e-01  1.84605010e-02  7.63114616e-02
  4.93459702e-02 -1.59133039e-03  6.39046729e-02 -5.50125241e-02
  9.53109339e-02 -3.66696976e-02 -5.89326164e-03  9.47695971e-02
  9.19362605e-02  5.14062643e-02 -1.75899733e-02 -8.64940044e-03
 -3.34559977e-02 -2.62680408e-02  5.73246889e-02  5.21338582e-02
 -4.03936245e-02 -5.56141883e-02 -9.31200664e-03  4.75596711e-02
  5.77446260e-02 -5.96356206e-02 -9.07816961e-02 -4.83896099e-02
 -1.46052778e-01 -6.63846508e-02 -2.09879801e-02 -3.21384049e-33
  1.03174746e-02 -3.01997270e-02  1.43867619e-02  2.39411164e-02
  1.06906474e-01  1.86001398e-02 -2.48967055e-02  4.62174378e-02
 -9.38765034e-02  4.73317467e-02 -5.02071111e-03 -4.48913537e-02
 -8.38759094e-02  2.63076834e-02  8.45309813e-03 -1.44540556e-02
 -5.42921796e-02 -5.62979653e-02  7.33022988e-02  3.54492627e-02
  2.29376908e-02  1.69125050e-02  3.02058877e-03 -2.03249417e-02
  1.34742577e-02 -5.54808415e-02 -2.80543808e-02 -2.10383870e-02
  1.49237379e-01 -2.47342419e-02 -2.12959964e-02  7.53579289e-03
  8.62877667e-02 -7.23951608e-02  5.89110889e-04  2.88982992e-03
 -7.50908628e-02 -2.72858329e-02 -3.67683768e-02 -3.52392420e-02
 -2.82600205e-02  4.26279157e-02 -2.25967262e-02 -2.14669667e-02
 -4.00063172e-02  1.07658535e-01 -1.98723115e-02  1.85069870e-02
  1.53936930e-02  1.11592980e-02  4.91162203e-02 -1.02580097e-02
 -8.19497257e-02 -1.50485737e-02 -4.29937318e-02 -1.70778483e-02
  2.31162608e-02 -6.33375905e-03  1.17005352e-02 -4.61125746e-02
  2.30773259e-03 -9.45517421e-03  1.83562040e-02 -1.78286005e-02
 -4.55757901e-02  3.83225493e-02  4.52037789e-02  2.72878781e-02
  2.68380009e-02  1.45781450e-02 -4.83022220e-02 -2.92130336e-02
  4.24327254e-02 -5.43930195e-02  5.82312122e-02  2.54574083e-02
 -5.91419637e-02 -2.12272462e-02 -1.58679765e-02  3.16172317e-02
  4.69735998e-04  2.47737914e-02  1.12686791e-01  7.10842237e-02
  6.58371374e-02  2.07960512e-02  7.05240527e-04 -3.98896001e-02
  4.62362915e-02 -5.80020435e-02 -6.52877763e-02 -3.36953625e-02
 -3.78954634e-02  5.08490577e-03  5.32576873e-04  1.64867179e-33
  3.33582982e-02  4.74943519e-02  6.25255406e-02  1.91981662e-02
  3.12563330e-02  5.11518717e-02  6.02904893e-02  8.46571922e-02
  1.42601117e-01  7.02870041e-02  1.09078940e-02 -7.58073255e-02
 -4.60893698e-02  6.91258162e-02  6.21544048e-02 -5.84107824e-02
 -9.76276491e-03  1.98380500e-02  3.19036655e-02  1.40524497e-02
  1.87373888e-02 -4.72834967e-02  6.28496408e-02  6.05221465e-02
 -7.78433532e-02  2.07554586e-02  3.96541990e-02  4.60182540e-02
  4.99229468e-02  3.41394283e-02 -6.59395615e-03 -5.50687984e-02
 -1.06332958e-01  1.16526438e-02 -5.23770489e-02  3.24102398e-03
  4.68614548e-02  1.08106788e-02 -3.53651517e-03 -2.10222919e-02
  1.45337638e-02  6.29377961e-02 -4.67679091e-02  5.33061251e-02
 -2.42782366e-02 -6.25803471e-02 -1.43190557e-02  1.09617010e-01
 -2.73595806e-02 -4.60922010e-02 -2.00732183e-02 -2.54669785e-02
 -7.36819953e-03  4.17634398e-02 -1.03812851e-01  1.30688557e-02
  3.54550257e-02  8.05596542e-03  3.58775109e-02  5.75102493e-02
 -3.17562222e-02  6.88956007e-02 -1.15018874e-01 -9.42955539e-03
 -8.41674954e-02  3.06951199e-02  7.03582615e-02 -1.39798168e-02
 -4.32109050e-02 -2.01960504e-02 -3.97943631e-02  1.09043466e-02
 -1.64074395e-02  5.40371314e-02 -1.53911375e-02  5.12370244e-02
 -2.34867353e-02  3.90826799e-02  4.10327278e-02 -2.06802227e-02
  1.80342589e-02 -8.31284299e-02  6.54122755e-02  3.25366966e-02
  6.95127025e-02  1.86245963e-02  8.78322423e-02 -8.30079168e-02
  1.54173877e-02 -6.11865483e-02 -1.05858478e-03  5.98999448e-02
  2.40565427e-02  3.84458639e-02 -3.22181396e-02 -1.81449291e-08
 -1.23952646e-02  3.28590423e-02  6.18200703e-03 -6.58552498e-02
  7.81765953e-02 -2.64709555e-02 -4.46121488e-03 -2.77900565e-02
  9.03798193e-02 -3.53390798e-02 -2.18590498e-02 -1.21684372e-02
 -3.83428717e-03 -2.63537969e-02 -1.40335828e-01  8.80196393e-02
 -9.99005325e-03 -1.04157351e-01  1.20098209e-02  4.42919118e-04
 -4.27230895e-02 -3.59697379e-02  1.08615197e-01 -1.09842740e-01
 -4.68618497e-02 -1.89261921e-02  1.62357353e-02  1.29159346e-01
  5.05674183e-02  1.70505270e-02 -7.88589660e-03  3.86261828e-02
 -3.43139209e-02 -3.63733098e-02  3.19817662e-02 -4.83888984e-02
  6.57697907e-03 -5.33418637e-03 -3.84399854e-02  4.36006393e-03
 -1.16726011e-02 -2.43242141e-02  3.75084579e-02 -3.05057224e-02
 -3.45137455e-02  6.37236163e-02 -1.49847278e-02 -4.35095839e-02
  1.36137996e-02  2.01374199e-02 -4.06268761e-02 -3.47454548e-02
 -3.23178954e-02  4.79193479e-02  6.04061484e-02 -8.77224132e-02
  1.10777572e-03  6.45423010e-02 -5.60516678e-02  7.00498372e-03
  2.45299935e-02 -3.03903781e-02  5.14521524e-02  2.00338420e-02]",0.06690272
f6AZTfI54OU,Peacemaker Season 2 | Official Trailer | HBO Max,2556922,113714,4560,2025-07-28 11:06:23.222184,0.003339728167866207,0.0021680121267670938,0.0008779631255486642,0.0026130319511828756,Peacemaker Season 2 | Official Trailer | HBO Max,"[-2.48610508e-02  1.32965436e-02  3.31440866e-02  1.80966612e-02
  9.89638176e-03  7.86586404e-02 -9.07832757e-02 -1.35116521e-02
  7.98815023e-03 -3.90110165e-03 -2.21666954e-02 -4.19863686e-02
 -1.29054897e-02 -3.10261734e-02  1.53473040e-04 -5.23627596e-03
  4.83689494e-02  1.12731298e-02  5.63842198e-03 -5.95719926e-02
 -1.31794065e-02 -5.35934232e-02  2.31275763e-02  1.65796541e-02
  5.72198741e-02  7.45114237e-02 -4.84084785e-02  7.73373768e-02
  8.27364347e-05  5.47585711e-02 -5.67408185e-03 -2.46797688e-02
 -4.39175814e-02  4.53061461e-02  7.59394169e-02 -7.51120374e-02
  4.85595390e-02  5.04058786e-03 -1.74476933e-02 -1.09202554e-02
  6.93114251e-02 -2.37084124e-02 -6.41916841e-02 -3.84009741e-02
 -1.95306744e-02  1.26624433e-02  4.27097874e-03 -6.68856725e-02
  4.61919345e-02  8.15420505e-03 -4.04404849e-02 -7.12493027e-04
 -9.20670293e-03  8.66398122e-03  2.29375698e-02 -6.21603988e-02
  1.39589999e-02  5.15515991e-02  5.39542660e-02 -4.84187044e-02
  2.60121282e-02  3.46428156e-02  5.55988327e-02 -6.37576636e-03
  5.86855412e-02 -2.87071224e-02  3.24695595e-02  8.03386271e-02
 -1.25829820e-02  2.48453915e-02 -1.09225065e-02  4.70436104e-02
  1.39452806e-02 -9.23968032e-02  1.66674424e-02 -1.23001911e-01
 -4.70848717e-02 -1.37465969e-02  2.63736341e-02 -5.12690134e-02
 -3.51282693e-02 -1.01872504e-01  2.68486794e-03 -1.38618355e-03
 -2.79970001e-02 -7.31555978e-03  1.70217995e-02 -3.49347442e-02
  8.16660970e-02 -5.95166720e-03 -1.11957759e-01  6.67955279e-02
  4.31402624e-02  7.84272403e-02 -4.48254012e-02  3.63394283e-02
  7.39465356e-02  1.82957537e-02 -6.05072826e-02  6.03249222e-02
 -1.09958593e-02 -1.33827657e-01 -1.25115020e-02 -1.71109676e-01
  6.27511218e-02  9.60882660e-03 -1.67751499e-02 -6.88629299e-02
  4.31461856e-02 -6.45604311e-03  1.99676538e-03 -4.73993551e-03
 -1.89950038e-02 -4.69388664e-02  8.18706378e-02  3.87081653e-02
 -3.57965776e-03  4.57192063e-02 -1.66624375e-02  9.41022187e-02
  1.13971539e-01 -7.26114735e-02 -4.88842428e-02  4.79543731e-02
 -1.97674315e-02 -1.92824714e-02  3.17515954e-02 -2.30520412e-33
 -2.66908985e-02 -4.02260683e-02  5.31761460e-02  4.07648869e-02
  8.83140787e-02  1.36013944e-02  6.68193251e-02  1.04859881e-02
 -6.35025874e-02 -3.71856894e-03 -5.39585575e-02 -1.97315495e-02
 -5.19321263e-02  3.61921787e-02 -1.16958156e-01 -1.09999962e-01
 -2.92582046e-02  1.75178256e-02 -4.03722264e-02  2.77738720e-02
  4.56560180e-02 -4.50487956e-02 -1.93923526e-02 -1.82171520e-02
  3.16229723e-02 -1.82691291e-02  5.89357689e-02  8.58346820e-02
  9.00309458e-02  3.75091732e-02 -8.19019303e-02  1.44198826e-02
  6.80236965e-02 -7.42822066e-02 -6.88701263e-03  4.77946252e-02
 -1.04789697e-01  5.66037074e-02 -6.91469610e-02 -2.26986259e-02
 -1.89029649e-02  9.63756721e-03 -4.58799712e-02  2.69337883e-03
 -8.00720379e-02 -3.09402663e-02 -4.45645787e-02 -1.00871166e-02
  2.79997047e-02 -5.56265227e-02 -1.93480756e-02  1.52676727e-03
 -5.78879975e-02  2.37757638e-02  7.76266679e-03 -2.44940519e-02
  1.60098840e-02 -1.22016119e-02  4.99198353e-03  1.77970696e-02
 -2.50320081e-02  1.03692699e-03  2.16636378e-02  2.14849692e-02
  9.66543891e-03  3.47273722e-02 -3.52911986e-02  1.13725550e-01
  1.12226419e-02  2.71542314e-02 -3.30675095e-02  5.90259507e-02
  3.29006910e-02  5.83197363e-03  1.84076857e-02 -1.27084190e-02
 -1.72211155e-02  6.52451962e-02 -5.94519731e-03  2.18092836e-02
 -1.06582686e-01  3.30419019e-02  8.48246589e-02  4.04180773e-02
 -5.07697426e-02 -1.69265687e-01  3.69512811e-02  1.05331615e-02
 -1.24996506e-01  5.34443259e-02 -9.37507581e-03 -4.16473076e-02
  8.15651119e-02  3.65476273e-02 -4.36395314e-03  5.78763276e-34
  3.49880904e-02  2.10323986e-02 -3.32505740e-02 -6.49032295e-02
  4.42876741e-02  8.29647947e-03 -2.20529456e-02  8.37340802e-02
  2.86810789e-02  1.07200034e-01  9.38690528e-02 -4.56286296e-02
 -1.56819932e-02  5.27127124e-02 -3.24404761e-02 -1.75103936e-02
  1.21452019e-01 -1.22745556e-03  5.89414053e-02 -8.23044404e-03
  8.48710984e-02 -3.07032317e-02 -5.82812019e-02  5.27730584e-02
  4.73310538e-02 -1.91792008e-02  5.11565842e-02  1.07530192e-01
 -3.45347449e-02 -1.53526198e-02  3.58465277e-02 -5.46346195e-02
 -7.56710917e-02  3.24088484e-02  3.00505981e-02  3.57070602e-02
  7.76762739e-02 -3.74319032e-02 -1.53612876e-02  3.26421224e-02
  7.45061114e-02  1.01547102e-02 -6.93531707e-02  1.36512697e-01
 -1.75362453e-02 -2.33779047e-02  8.04611444e-02 -1.68928262e-02
 -5.98517135e-02 -5.56861088e-02  1.47423437e-02 -5.62818646e-02
 -3.51719707e-02  1.90952625e-02  1.64495595e-02  9.51765862e-04
 -7.50182047e-02  1.80184655e-02  7.88841210e-03 -4.68918532e-02
 -5.74761443e-03 -3.11037097e-02 -8.87445956e-02  2.82413363e-02
 -8.32312629e-02 -5.85087873e-02 -2.77759712e-02 -4.20279540e-02
 -3.75401862e-02  3.09651457e-02 -4.51473333e-02 -6.64186990e-03
 -5.29773813e-03  4.56955843e-03 -3.23969871e-02  4.52838792e-03
  3.19010466e-02 -1.63628124e-02  2.33588577e-03 -6.78183809e-02
  1.37296747e-02 -9.19297412e-02 -2.07029283e-02  2.18979432e-03
  1.09159440e-01  1.20363440e-02  6.10234141e-02  1.00087494e-01
  2.77088210e-02  5.73663786e-02 -4.07046452e-02 -9.07070413e-02
 -7.44798183e-02  2.87971902e-03  4.50376198e-02 -1.93521572e-08
 -5.29807173e-02 -1.61891691e-02 -6.29407093e-02 -3.02594621e-02
 -5.09524196e-02  2.40091793e-02  2.33539734e-02  1.53773669e-02
 -3.70507464e-02  3.72841805e-02  2.96948012e-02 -3.57756838e-02
  1.61249116e-02 -6.96782097e-02 -4.22932766e-02  1.09614603e-01
  3.20695937e-02 -1.42365489e-02  4.32889769e-03 -1.04855374e-01
  4.41187900e-03 -5.42772524e-02  1.76958051e-02 -2.09771283e-02
  3.93314064e-02  7.89457839e-03 -9.18015018e-02 -3.21389884e-02
 -5.75869158e-02  2.85041407e-02  8.82360246e-03 -4.52889204e-02
 -1.06082566e-01  1.09925410e-02 -2.04867218e-03 -7.00732367e-03
 -4.83402498e-02  1.49699543e-02 -3.09523800e-03  2.37774141e-02
  4.48041633e-02  1.22126691e-01 -8.05351604e-03 -4.55334373e-02
  5.58510758e-02  6.11074083e-02  6.12669624e-02 -3.14551443e-02
 -1.15272151e-02 -4.19115275e-02  6.38770163e-02 -5.48022203e-02
  2.58189905e-02  5.77709917e-03 -6.21629274e-03  9.11568478e-02
  1.46369298e-03  1.28042415e-01 -2.04595719e-02  4.75535765e-02
  4.59093936e-02  1.86187960e-03  4.00591679e-02  5.81010766e-02]",0.13331872
